 (1).png,1.png,"ren "" (1).png"" 1.png"
 (10).png,2.png,"ren "" (10).png"" 2.png"
 (11).png,3.png,"ren "" (11).png"" 3.png"
 (12).png,4.png,"ren "" (12).png"" 4.png"
 (13).png,5.png,"ren "" (13).png"" 5.png"
 (14).png,6.png,"ren "" (14).png"" 6.png"
 (15).png,7.png,"ren "" (15).png"" 7.png"
 (16).png,8.png,"ren "" (16).png"" 8.png"
 (17).png,9.png,"ren "" (17).png"" 9.png"
 (18).png,10.png,"ren "" (18).png"" 10.png"
 (19).png,11.png,"ren "" (19).png"" 11.png"
 (2).png,12.png,"ren "" (2).png"" 12.png"
 (20).png,13.png,"ren "" (20).png"" 13.png"
 (21).png,14.png,"ren "" (21).png"" 14.png"
 (22).png,15.png,"ren "" (22).png"" 15.png"
 (23).png,16.png,"ren "" (23).png"" 16.png"
 (24).png,17.png,"ren "" (24).png"" 17.png"
 (3).png,18.png,"ren "" (3).png"" 18.png"
 (4).png,19.png,"ren "" (4).png"" 19.png"
 (5).png,20.png,"ren "" (5).png"" 20.png"
 (6).png,21.png,"ren "" (6).png"" 21.png"
 (7).png,22.png,"ren "" (7).png"" 22.png"
 (8).png,23.png,"ren "" (8).png"" 23.png"
 (9).png,24.png,"ren "" (9).png"" 24.png"
